"title","content","date","variant","images","verified","author","rating","product","url"
"Good mid- ranger phone","Reviewing after using it for last 3 days, bought from an offline store: 1. Display is superb with 120hz and 60hz refresh rate option. 2. Sound quality is good and loud from dual front speakers. 3. Camera is having upto 30x zoom and other pro features. It could have been bit better for wide angle but night mode is sufficiently good. 4. Comes with a 15W charger, but supports upto 25W fast & wireless charging. 5. Phone back is polycarbonate which looks decent enough to hold. One plus 9 may look more premium with all glass back but will be more delicate as well. 6. Snapdragon 865 processor is fast if not the fastest like SD888 on one plus 9. 7. 5G support - will support around 9 5G bands in future as compared to just 2 5G bands of one plus 9. S20FE 5G looks more future ready on paper. More 5G bands getting enabled with software updates on one plus 9 is debatable and need to wait n watch. 8. Phone is IP68 dust and water proof, which isn't offered by one plus 9. 9. Expandable memory upto 1TB support not offered by one plus 9. 10. Battery same 4500 mah on this phone as well as one plus  9 but latter comes with a 65W wrap charger. Verdict - GO FOR IT. One of the best mid- range segment phones from Samsung competing against one plus 9. Both having their own winning areas, boils down to one's own preferences.","12 Apr 2021","Colour: Cloud Navy Size name: 8GB Style name: With offer","https://images-na.ssl-images-amazon.com/images/I/61b-fK7AJSL._SY88.jpg
https://images-na.ssl-images-amazon.com/images/I/71-NO9cNGkL._SY88.jpg
https://images-na.ssl-images-amazon.com/images/I/71yqSmif6cL._SY88.jpg","No","Aror Tech","5.0","Samsung Galaxy S20 FE 5G (Cloud Navy, 8GB RAM, 128GB Storage) with No Cost EMI & Additional Exchange Offers","https://www.amazon.in/Samsung-Galaxy-Cloud-128GB-Storage/product-reviews/B08VB57558/ref=cm_cr_dp_d_show_all_btm?ie=UTF8&reviewerType=all_reviews&pageNumber=0"
"Not up to the mark","no sim card pin, there was no headphone. packing was not up to the mark ,with respect to the price of the product The product heats up very fast","14 Apr 2021","","","Yes","Ashraf ali","3.0","Samsung Galaxy S20 FE 5G (Cloud Navy, 8GB RAM, 128GB Storage) with No Cost EMI & Additional Exchange Offers","https://www.amazon.in/Samsung-Galaxy-Cloud-128GB-Storage/product-reviews/B08VB57558/ref=cm_cr_dp_d_show_all_btm?ie=UTF8&reviewerType=all_reviews&pageNumber=0"
"Before you buy - please be aware - YOU GONNA GET A CRAP AT 45K","Bought this a day back At this price range I felt this phone is a crap. Here are the reasons why 1) Terrible heating issue near to the camera with moderate usage - Might be from the processor 2) Battery optimization  sucks - with moderate usage it dint lasted for 7 hours 3)Only 15W Charger will be in the box 3) At this price range competitors provide better finger print reader 4) cheaper corilla glass 3 is used 5) Snapdragon  860 and 865 has some heating issues  and other issues 6)Back design makes this phone less premium Overall at 40k price - This phone in not woth for the money ðŸ˜‘ ...if you're looking for mid flagship camera..then you can go for this phone. Considering  the heating issue this phone rate will drop further.. When it drops to 30k you can buy this phone","22 May 2021","Colour: Cloud Navy Size name: 8GB Style name: With offer","","Yes","Subashg07","2.0","Samsung Galaxy S20 FE 5G (Cloud Navy, 8GB RAM, 128GB Storage) with No Cost EMI & Additional Exchange Offers","https://www.amazon.in/Samsung-Galaxy-Cloud-128GB-Storage/product-reviews/B08VB57558/ref=cm_cr_dp_d_show_all_btm?ie=UTF8&reviewerType=all_reviews&pageNumber=0"
"Best phone below 50k hands down..","I was using OnePlus 5t for last 3 years. Thought of changing the phone and after made lot of research choose samsung s20 fe over OnePlus 9 and till date I don't have any regret for that.. it's simply an amazing phone. Pros: 1. Camera: Please don't go with the camera mega pixel and sensors specifications.. it's all just a number, in the end it only matters how good the picture is. Samsung is way way better than OnePlus in this aspect. Added few examples above. 2. Display: 120 hz super amoled display by samsung, what else you want. 3. Sound: crisp and clear with dual speakers.. 4. Battery: easily it gives me 10 hrs on screen back up, not a gamer though. Cons: 1. 15w charger is just less imo, 25w would have been ideal. 2. Brightness could have been more, not a major problem though. 3. Very new to one ui, but as per the initial impression oxygen os was better. 4. Fingerprint reader could have been better. Edit: OneUI is awesome.. may be oxygen os is simple and easy to use..but one UI has lot of useful features based on AI. Too good in my opinion.","09 May 2021","Colour: Cloud Navy Size name: 8GB Style name: With offer","https://images-na.ssl-images-amazon.com/images/I/91NRZcd3x8L._SY88.jpg
https://images-na.ssl-images-amazon.com/images/I/B1UO+L1zmbS._SY88.jpg
https://images-na.ssl-images-amazon.com/images/I/B1d96r2S4tS._SY88.jpg
https://images-na.ssl-images-amazon.com/images/I/C1uqLf24cCS._SY88.jpg","Yes","Swarnendu Chaudhuri","5.0","Samsung Galaxy S20 FE 5G (Cloud Navy, 8GB RAM, 128GB Storage) with No Cost EMI & Additional Exchange Offers","https://www.amazon.in/Samsung-Galaxy-Cloud-128GB-Storage/product-reviews/B08VB57558/ref=cm_cr_dp_d_show_all_btm?ie=UTF8&reviewerType=all_reviews&pageNumber=0"
"VFM Flagship phone from Samsung","Writing this review after 3 months of usage. Will divide this review into pros and cons. First, the Pros: 1.Software and One UI-Many people complain that One UI is bloated and it's bad compared to stock android or other brands.This is not the case, It comes with a lot of useful features like improved security (knox) and app management. There are no ADS apart from a couple of apps like weather which can be disabled, Also, ads will be disabled in future updates. Samsung also is excellent in providing software and security updates,with 3years software support.So you won't feel let down on the software experience. 2.Performance-Snapdragon 865 is Snappy and efficient, no lags whatsoever Can handle heavy applications and games thanks to 8 GB RAM, improved thermal and battery performance compared to exynos variant.Lot of people complaining about Samsung phones heating up, There is a difference between getting warm and heating up. This device never heats up and getting warm is normal on any smartphone. this is not the case only with Samsung but I have used phones from other brands and they too get warm after using it for an hour or so continuously. . I'm not a samsung fan but criticizing a product without proper research can prevent prospective users from buying good products. 3.Network Connectivity: Have used the phone while traveling and did not experience network drops, Radio reception is very good and call experience was great. 4.Camera: This device comes with good set of cameras (triple camera)and takes great pictures, Samsung's camera optimization is good compared to competition at this price point. 5.Sound and Media experience: Excellent sound output thanks to dual stereo speakers, watching media even without a headset is a great experience. Comes with dolby atmos support. Amazing experience with galaxy buds 2 which you can buy separately. 6.Display-Samoled Display is amazing. Supports upto 120hz refresh rate which makes things buttery smooth.The color reproduction is excellent and samsung makes displays for other renowned brands.Supports HDR videos, tested on YouTube but doesn't work on Netflix because Netflix has to certify the device and not a problem with the device. Overall, media consumption has been a great experience. 7.Great build quality: The phone can survive a few drops. Front is corning gorilla glass 3 back is premium plastic with metal frame. The phone is also IP68 certified for dust and water resistance. 8.Battery: This is not exactly a pro but included in the pro section because there are a lot of people criticizing battery life. The battery performance is neither a pro nor a con, similar to other devices available at this price point.The device has a 4500 MAH battery and easily lasts a day and half with heavy to moderate use and standby will last even longer, I charge the phone once a day, which is similar to all the smartphones in this price range. You can easily expect a screen on time of 7 to 8 hours which not really something that deserves criticizing. 9.5G ready with 9 5g bands. Cons: 1. Only 15 watt charger included in the box by samsung which takes atleast 1.5 hours to charge the phone. Could have been better with atleast a 25 watt charger in the box. When competitors are providing 30+ watt chargers in this price range. 2.Fingerprint scanner: comes with an in display fingerprint sensor which works well most of the time but it is clumsy at times. 3.Average front camera. Verdict: value for money smartphone at this pricepoint. A good smartphone investment for the next couple or 3 years.I liked this device and again it is personal preference. I have made an effort to highlight the device's pros and cons which could help a prospective buyer.","28 Sep 2021","Colour: Cloud Navy Size name: 8GB Style name: With offer","","Yes","NS","5.0","Samsung Galaxy S20 FE 5G (Cloud Navy, 8GB RAM, 128GB Storage) with No Cost EMI & Additional Exchange Offers","https://www.amazon.in/Samsung-Galaxy-Cloud-128GB-Storage/product-reviews/B08VB57558/ref=cm_cr_dp_d_show_all_btm?ie=UTF8&reviewerType=all_reviews&pageNumber=0"
"Worst product","Pros: Good display Stereo speaker IP68 Wireless charging Cons: Battery drains very fast Fingerprint is laggy Below average camera quality Very old gorilla glass3 on the front. Plastic back panel. No specifications about camera lens protective glass. Cannot view HDR content from Netflix No DAC for audio over Type-C headphones. Only digital audio over Type-C USB port. Cannot use wired headphones with any Type-C adapters. Very high price for such a product.","18 Jun 2021","Colour: Cloud Navy Size name: 8GB Style name: With offer","","Yes","well wisher","1.0","Samsung Galaxy S20 FE 5G (Cloud Navy, 8GB RAM, 128GB Storage) with No Cost EMI & Additional Exchange Offers","https://www.amazon.in/Samsung-Galaxy-Cloud-128GB-Storage/product-reviews/B08VB57558/ref=cm_cr_dp_d_show_all_btm?ie=UTF8&reviewerType=all_reviews&pageNumber=0"
"Best value for money.","For the price of 48k, I see this device as the perfect balance between performance, value and future proof. I bought this instead of OnePlus 9 and 9R and do not regret this decision at all.","20 Apr 2021","Colour: Cloud Green Size name: 8GB RAM + 128GB Storage Style name: With offer","https://images-na.ssl-images-amazon.com/images/I/61g3yi8uUeL._SY88.jpg
https://images-na.ssl-images-amazon.com/images/I/A112tuYYzFL._SY88.jpg","Yes","sandhya gupta","5.0","Samsung Galaxy S20 FE 5G (Cloud Navy, 8GB RAM, 128GB Storage) with No Cost EMI & Additional Exchange Offers","https://www.amazon.in/Samsung-Galaxy-Cloud-128GB-Storage/product-reviews/B08VB57558/ref=cm_cr_dp_d_show_all_btm?ie=UTF8&reviewerType=all_reviews&pageNumber=0"
"It is really good at everything, just not the best.","I have been using this phone for a month. I am a medium heavy user, so I've written the review accordingly. 1) Display Display is good for the price. It's bright enough under sunlight and dark enough for night usage. Resolution is good and the colors are punchy enough. Overall a good display. My only problem is with the usage of Gorilla Glass 3 on the display. It does come with a screen guard pre-installed. 2) Battery life At 120Hz refresh rate and with my medium heavy usage (2-3 hours of social media, 1-2 hours of YouTube etc) it lasted till evening and I had to charge my phone before dinner. At 60Hz and same usage it lasts till bedtime. So I do get 6-7 hours of screen on time which is good enough. You also have features like sleep and Deep sleep where the apps you don't use much goes to sleep and apps which you don't use for days goes to deep sleep, for more info please google on this. The display is locked on 120Hz refresh rate and it's not adaptive, I wish it was adaptive, that way battery could last longer at 120Hz refresh rate too. 3) Camera Camera is really good and you can use GCam without rooting. I have attached a few pictures I took in the past few days. The observation I had is that it tries to capture a lot of details in default camera app. This is good in daylight but in night light it adds static noise, it's not that visible unless you zoom in so it's ok, no big deal. The colors are a subjective thing so no comments on that. 4) Software You can find a lot of videos on OneUI hidden features, how to make fingerprint sensor faster, etc on YouTube easily. Overall OneUI is good. There are Bixby routines which were new for me but now I use it daily. Also they promise 3 years of Android version updates and 4 years of Android security updates so you're good for 3-4 years. 5) Processor I bought the 5G version with SnapDragon processor. I played games alot and it didn't heat up as much so thumbs up for that. Gaming mode is good as well in software front. It also consumes less battery so that's good too. There are also more number of 5G bands supported than other phones in the competition at this price, so ya. Overall it's a phone which does everything but not best in everything which is exactly what I wanted. I wanted a phone number which does everything and I didn't want it to be good in just one department and lack in others. My only problem is with the positioning of the fingerprint reader, it's really low. And also the silver ring around the front camera but I think I'll get used to it soon. Hope this review helps you in decision. Peace.","05 Jun 2021","Colour: Cloud Navy Size name: 8GB Style name: With offer","https://images-na.ssl-images-amazon.com/images/I/31ubbgmnvoL._SY88.jpg
https://images-na.ssl-images-amazon.com/images/I/A14KJ4PBFcL._SY88.jpg
https://images-na.ssl-images-amazon.com/images/I/A1c4v87+NSL._SY88.jpg
https://images-na.ssl-images-amazon.com/images/I/A1uKr5gKbSL._SY88.jpg
https://images-na.ssl-images-amazon.com/images/I/B16IvhBoehS._SY88.jpg
https://images-na.ssl-images-amazon.com/images/I/B1XnrUMY0BS._SY88.jpg
https://images-na.ssl-images-amazon.com/images/I/C11XJEXktCS._SY88.jpg
https://images-na.ssl-images-amazon.com/images/I/C1Hf68LaryS._SY88.jpg
https://images-na.ssl-images-amazon.com/images/I/C1jiVWTfy5S._SY88.jpg","Yes","Yash Patel","4.0","Samsung Galaxy S20 FE 5G (Cloud Navy, 8GB RAM, 128GB Storage) with No Cost EMI & Additional Exchange Offers","https://www.amazon.in/Samsung-Galaxy-Cloud-128GB-Storage/product-reviews/B08VB57558/ref=cm_cr_dp_d_show_all_btm?ie=UTF8&reviewerType=all_reviews&pageNumber=0"
"Seal was broke and cellophane tape was put on it. Poor customer service aswell.","The media could not be loaded. The ideal Samsung packing with vaccum sealed plastic was not there. Most importantly, the product seal was broken and cellophane take was applied on it. It was clearly a refurbished or repackaged product from this seller. PFA images for reference. I had paid 1500 so that this comes from a prime seller and fulfilled by amazon with an expectation that an INR 45K+ would be a brand new & untampered piece. However, that expectation is down the drain along with trust. This is completely unacceptable and fraudulent activity. Terrible response from customer service as well. When contacted by the customer service agent, she recommended opening the seal & check the piece if it is ok. When I asked the intention of doing it... they replied if it's ok to use then you can use it. When asked how can you make such a suggestion when you know it's wrong and the customer has been sent a faulty product.... the reply was my senior manager told me. This is totally unprofessional, shocking, wrong, and unacceptable. Why should I, the customer, open an expensive item whose seal is refurbished and be satisfied with it. I have paid a large sum of money for a brand new device. The so-called senior manager didn't come on the call when I requested. As you already have recorded, I want this investigated, or else I can provide the audio. After a back and forth for 1hr, the issue was resolved with a replacement of the product. However, at this point, I have completely lost faith & trust in the seller ""Prime Benefit"". Kindly note I would be requesting a refund if there is even a single bit wrong with the product or the packaging for the replacement.","22 Sep 2021","Colour: Navy Size name: 8GB+128Gb Style name: Without offer","https://m.media-amazon.com/images/I/81AVH0MerjL._SY88.jpg
https://m.media-amazon.com/images/I/81CsOhKmWJL._SY88.jpg
https://m.media-amazon.com/images/I/81f39kA9fVL._SY88.jpg
https://m.media-amazon.com/images/I/81kUBDDF1PL._SY88.jpg
https://m.media-amazon.com/images/I/81p4SBdsPLL._SY88.jpg","Yes","Ashwin Save","1.0","Samsung Galaxy S20 FE 5G (Cloud Navy, 8GB RAM, 128GB Storage) with No Cost EMI & Additional Exchange Offers","https://www.amazon.in/Samsung-Galaxy-Cloud-128GB-Storage/product-reviews/B08VB57558/ref=cm_cr_dp_d_show_all_btm?ie=UTF8&reviewerType=all_reviews&pageNumber=0"
"Manufacture defect","Everything was good but I found a manufacture defect it it. A click sound was coming from the back side whenever a put the phone on any surface. While slowly shaking the phone the sound frequency increased. I talked to customer support for replacement and they did it successfully. Received the new phone but truly disappointed. Found same issue like the 1st one. Placed a return request for it.ðŸ™","17 May 2021","Colour: Cloud Navy Size name: 8GB Style name: With offer","","Yes","Kumar Mangal Singh","1.0","Samsung Galaxy S20 FE 5G (Cloud Navy, 8GB RAM, 128GB Storage) with No Cost EMI & Additional Exchange Offers","https://www.amazon.in/Samsung-Galaxy-Cloud-128GB-Storage/product-reviews/B08VB57558/ref=cm_cr_dp_d_show_all_btm?ie=UTF8&reviewerType=all_reviews&pageNumber=0"
"Good mid- ranger phone","Reviewing after using it for last 3 days, bought from an offline store: 1. Display is superb with 120hz and 60hz refresh rate option. 2. Sound quality is good and loud from dual front speakers. 3. Camera is having upto 30x zoom and other pro features. It could have been bit better for wide angle but night mode is sufficiently good. 4. Comes with a 15W charger, but supports upto 25W fast & wireless charging. 5. Phone back is polycarbonate which looks decent enough to hold. One plus 9 may look more premium with all glass back but will be more delicate as well. 6. Snapdragon 865 processor is fast if not the fastest like SD888 on one plus 9. 7. 5G support - will support around 9 5G bands in future as compared to just 2 5G bands of one plus 9. S20FE 5G looks more future ready on paper. More 5G bands getting enabled with software updates on one plus 9 is debatable and need to wait n watch. 8. Phone is IP68 dust and water proof, which isn't offered by one plus 9. 9. Expandable memory upto 1TB support not offered by one plus 9. 10. Battery same 4500 mah on this phone as well as one plus  9 but latter comes with a 65W wrap charger. Verdict - GO FOR IT. One of the best mid- range segment phones from Samsung competing against one plus 9. Both having their own winning areas, boils down to one's own preferences.","12 Apr 2021","Colour: Cloud Navy Size name: 8GB Style name: With offer","https://images-na.ssl-images-amazon.com/images/I/61b-fK7AJSL._SY88.jpg
https://images-na.ssl-images-amazon.com/images/I/71-NO9cNGkL._SY88.jpg
https://images-na.ssl-images-amazon.com/images/I/71yqSmif6cL._SY88.jpg","No","Aror Tech","5.0","Samsung Galaxy S20 FE 5G (Cloud Navy, 8GB RAM, 128GB Storage) with No Cost EMI & Additional Exchange Offers","https://www.amazon.in/Samsung-Galaxy-Cloud-128GB-Storage/product-reviews/B08VB57558/ref=cm_cr_dp_d_show_all_btm?ie=UTF8&reviewerType=all_reviews&pageNumber=1"
"Not up to the mark","no sim card pin, there was no headphone. packing was not up to the mark ,with respect to the price of the product The product heats up very fast","14 Apr 2021","","","Yes","Ashraf ali","3.0","Samsung Galaxy S20 FE 5G (Cloud Navy, 8GB RAM, 128GB Storage) with No Cost EMI & Additional Exchange Offers","https://www.amazon.in/Samsung-Galaxy-Cloud-128GB-Storage/product-reviews/B08VB57558/ref=cm_cr_dp_d_show_all_btm?ie=UTF8&reviewerType=all_reviews&pageNumber=1"
"Before you buy - please be aware - YOU GONNA GET A CRAP AT 45K","Bought this a day back At this price range I felt this phone is a crap. Here are the reasons why 1) Terrible heating issue near to the camera with moderate usage - Might be from the processor 2) Battery optimization  sucks - with moderate usage it dint lasted for 7 hours 3)Only 15W Charger will be in the box 3) At this price range competitors provide better finger print reader 4) cheaper corilla glass 3 is used 5) Snapdragon  860 and 865 has some heating issues  and other issues 6)Back design makes this phone less premium Overall at 40k price - This phone in not woth for the money ðŸ˜‘ ...if you're looking for mid flagship camera..then you can go for this phone. Considering  the heating issue this phone rate will drop further.. When it drops to 30k you can buy this phone","22 May 2021","Colour: Cloud Navy Size name: 8GB Style name: With offer","","Yes","Subashg07","2.0","Samsung Galaxy S20 FE 5G (Cloud Navy, 8GB RAM, 128GB Storage) with No Cost EMI & Additional Exchange Offers","https://www.amazon.in/Samsung-Galaxy-Cloud-128GB-Storage/product-reviews/B08VB57558/ref=cm_cr_dp_d_show_all_btm?ie=UTF8&reviewerType=all_reviews&pageNumber=1"
"Best phone below 50k hands down..","I was using OnePlus 5t for last 3 years. Thought of changing the phone and after made lot of research choose samsung s20 fe over OnePlus 9 and till date I don't have any regret for that.. it's simply an amazing phone. Pros: 1. Camera: Please don't go with the camera mega pixel and sensors specifications.. it's all just a number, in the end it only matters how good the picture is. Samsung is way way better than OnePlus in this aspect. Added few examples above. 2. Display: 120 hz super amoled display by samsung, what else you want. 3. Sound: crisp and clear with dual speakers.. 4. Battery: easily it gives me 10 hrs on screen back up, not a gamer though. Cons: 1. 15w charger is just less imo, 25w would have been ideal. 2. Brightness could have been more, not a major problem though. 3. Very new to one ui, but as per the initial impression oxygen os was better. 4. Fingerprint reader could have been better. Edit: OneUI is awesome.. may be oxygen os is simple and easy to use..but one UI has lot of useful features based on AI. Too good in my opinion.","09 May 2021","Colour: Cloud Navy Size name: 8GB Style name: With offer","https://images-na.ssl-images-amazon.com/images/I/91NRZcd3x8L._SY88.jpg
https://images-na.ssl-images-amazon.com/images/I/B1UO+L1zmbS._SY88.jpg
https://images-na.ssl-images-amazon.com/images/I/B1d96r2S4tS._SY88.jpg
https://images-na.ssl-images-amazon.com/images/I/C1uqLf24cCS._SY88.jpg","Yes","Swarnendu Chaudhuri","5.0","Samsung Galaxy S20 FE 5G (Cloud Navy, 8GB RAM, 128GB Storage) with No Cost EMI & Additional Exchange Offers","https://www.amazon.in/Samsung-Galaxy-Cloud-128GB-Storage/product-reviews/B08VB57558/ref=cm_cr_dp_d_show_all_btm?ie=UTF8&reviewerType=all_reviews&pageNumber=1"
"VFM Flagship phone from Samsung","Writing this review after 3 months of usage. Will divide this review into pros and cons. First, the Pros: 1.Software and One UI-Many people complain that One UI is bloated and it's bad compared to stock android or other brands.This is not the case, It comes with a lot of useful features like improved security (knox) and app management. There are no ADS apart from a couple of apps like weather which can be disabled, Also, ads will be disabled in future updates. Samsung also is excellent in providing software and security updates,with 3years software support.So you won't feel let down on the software experience. 2.Performance-Snapdragon 865 is Snappy and efficient, no lags whatsoever Can handle heavy applications and games thanks to 8 GB RAM, improved thermal and battery performance compared to exynos variant.Lot of people complaining about Samsung phones heating up, There is a difference between getting warm and heating up. This device never heats up and getting warm is normal on any smartphone. this is not the case only with Samsung but I have used phones from other brands and they too get warm after using it for an hour or so continuously. . I'm not a samsung fan but criticizing a product without proper research can prevent prospective users from buying good products. 3.Network Connectivity: Have used the phone while traveling and did not experience network drops, Radio reception is very good and call experience was great. 4.Camera: This device comes with good set of cameras (triple camera)and takes great pictures, Samsung's camera optimization is good compared to competition at this price point. 5.Sound and Media experience: Excellent sound output thanks to dual stereo speakers, watching media even without a headset is a great experience. Comes with dolby atmos support. Amazing experience with galaxy buds 2 which you can buy separately. 6.Display-Samoled Display is amazing. Supports upto 120hz refresh rate which makes things buttery smooth.The color reproduction is excellent and samsung makes displays for other renowned brands.Supports HDR videos, tested on YouTube but doesn't work on Netflix because Netflix has to certify the device and not a problem with the device. Overall, media consumption has been a great experience. 7.Great build quality: The phone can survive a few drops. Front is corning gorilla glass 3 back is premium plastic with metal frame. The phone is also IP68 certified for dust and water resistance. 8.Battery: This is not exactly a pro but included in the pro section because there are a lot of people criticizing battery life. The battery performance is neither a pro nor a con, similar to other devices available at this price point.The device has a 4500 MAH battery and easily lasts a day and half with heavy to moderate use and standby will last even longer, I charge the phone once a day, which is similar to all the smartphones in this price range. You can easily expect a screen on time of 7 to 8 hours which not really something that deserves criticizing. 9.5G ready with 9 5g bands. Cons: 1. Only 15 watt charger included in the box by samsung which takes atleast 1.5 hours to charge the phone. Could have been better with atleast a 25 watt charger in the box. When competitors are providing 30+ watt chargers in this price range. 2.Fingerprint scanner: comes with an in display fingerprint sensor which works well most of the time but it is clumsy at times. 3.Average front camera. Verdict: value for money smartphone at this pricepoint. A good smartphone investment for the next couple or 3 years.I liked this device and again it is personal preference. I have made an effort to highlight the device's pros and cons which could help a prospective buyer.","28 Sep 2021","Colour: Cloud Navy Size name: 8GB Style name: With offer","","Yes","NS","5.0","Samsung Galaxy S20 FE 5G (Cloud Navy, 8GB RAM, 128GB Storage) with No Cost EMI & Additional Exchange Offers","https://www.amazon.in/Samsung-Galaxy-Cloud-128GB-Storage/product-reviews/B08VB57558/ref=cm_cr_dp_d_show_all_btm?ie=UTF8&reviewerType=all_reviews&pageNumber=1"
"Worst product","Pros: Good display Stereo speaker IP68 Wireless charging Cons: Battery drains very fast Fingerprint is laggy Below average camera quality Very old gorilla glass3 on the front. Plastic back panel. No specifications about camera lens protective glass. Cannot view HDR content from Netflix No DAC for audio over Type-C headphones. Only digital audio over Type-C USB port. Cannot use wired headphones with any Type-C adapters. Very high price for such a product.","18 Jun 2021","Colour: Cloud Navy Size name: 8GB Style name: With offer","","Yes","well wisher","1.0","Samsung Galaxy S20 FE 5G (Cloud Navy, 8GB RAM, 128GB Storage) with No Cost EMI & Additional Exchange Offers","https://www.amazon.in/Samsung-Galaxy-Cloud-128GB-Storage/product-reviews/B08VB57558/ref=cm_cr_dp_d_show_all_btm?ie=UTF8&reviewerType=all_reviews&pageNumber=1"
"Best value for money.","For the price of 48k, I see this device as the perfect balance between performance, value and future proof. I bought this instead of OnePlus 9 and 9R and do not regret this decision at all.","20 Apr 2021","Colour: Cloud Green Size name: 8GB RAM + 128GB Storage Style name: With offer","https://images-na.ssl-images-amazon.com/images/I/61g3yi8uUeL._SY88.jpg
https://images-na.ssl-images-amazon.com/images/I/A112tuYYzFL._SY88.jpg","Yes","sandhya gupta","5.0","Samsung Galaxy S20 FE 5G (Cloud Navy, 8GB RAM, 128GB Storage) with No Cost EMI & Additional Exchange Offers","https://www.amazon.in/Samsung-Galaxy-Cloud-128GB-Storage/product-reviews/B08VB57558/ref=cm_cr_dp_d_show_all_btm?ie=UTF8&reviewerType=all_reviews&pageNumber=1"
"It is really good at everything, just not the best.","I have been using this phone for a month. I am a medium heavy user, so I've written the review accordingly. 1) Display Display is good for the price. It's bright enough under sunlight and dark enough for night usage. Resolution is good and the colors are punchy enough. Overall a good display. My only problem is with the usage of Gorilla Glass 3 on the display. It does come with a screen guard pre-installed. 2) Battery life At 120Hz refresh rate and with my medium heavy usage (2-3 hours of social media, 1-2 hours of YouTube etc) it lasted till evening and I had to charge my phone before dinner. At 60Hz and same usage it lasts till bedtime. So I do get 6-7 hours of screen on time which is good enough. You also have features like sleep and Deep sleep where the apps you don't use much goes to sleep and apps which you don't use for days goes to deep sleep, for more info please google on this. The display is locked on 120Hz refresh rate and it's not adaptive, I wish it was adaptive, that way battery could last longer at 120Hz refresh rate too. 3) Camera Camera is really good and you can use GCam without rooting. I have attached a few pictures I took in the past few days. The observation I had is that it tries to capture a lot of details in default camera app. This is good in daylight but in night light it adds static noise, it's not that visible unless you zoom in so it's ok, no big deal. The colors are a subjective thing so no comments on that. 4) Software You can find a lot of videos on OneUI hidden features, how to make fingerprint sensor faster, etc on YouTube easily. Overall OneUI is good. There are Bixby routines which were new for me but now I use it daily. Also they promise 3 years of Android version updates and 4 years of Android security updates so you're good for 3-4 years. 5) Processor I bought the 5G version with SnapDragon processor. I played games alot and it didn't heat up as much so thumbs up for that. Gaming mode is good as well in software front. It also consumes less battery so that's good too. There are also more number of 5G bands supported than other phones in the competition at this price, so ya. Overall it's a phone which does everything but not best in everything which is exactly what I wanted. I wanted a phone number which does everything and I didn't want it to be good in just one department and lack in others. My only problem is with the positioning of the fingerprint reader, it's really low. And also the silver ring around the front camera but I think I'll get used to it soon. Hope this review helps you in decision. Peace.","05 Jun 2021","Colour: Cloud Navy Size name: 8GB Style name: With offer","https://images-na.ssl-images-amazon.com/images/I/31ubbgmnvoL._SY88.jpg
https://images-na.ssl-images-amazon.com/images/I/A14KJ4PBFcL._SY88.jpg
https://images-na.ssl-images-amazon.com/images/I/A1c4v87+NSL._SY88.jpg
https://images-na.ssl-images-amazon.com/images/I/A1uKr5gKbSL._SY88.jpg
https://images-na.ssl-images-amazon.com/images/I/B16IvhBoehS._SY88.jpg
https://images-na.ssl-images-amazon.com/images/I/B1XnrUMY0BS._SY88.jpg
https://images-na.ssl-images-amazon.com/images/I/C11XJEXktCS._SY88.jpg
https://images-na.ssl-images-amazon.com/images/I/C1Hf68LaryS._SY88.jpg
https://images-na.ssl-images-amazon.com/images/I/C1jiVWTfy5S._SY88.jpg","Yes","Yash Patel","4.0","Samsung Galaxy S20 FE 5G (Cloud Navy, 8GB RAM, 128GB Storage) with No Cost EMI & Additional Exchange Offers","https://www.amazon.in/Samsung-Galaxy-Cloud-128GB-Storage/product-reviews/B08VB57558/ref=cm_cr_dp_d_show_all_btm?ie=UTF8&reviewerType=all_reviews&pageNumber=1"
"Seal was broke and cellophane tape was put on it. Poor customer service aswell.","The media could not be loaded. The ideal Samsung packing with vaccum sealed plastic was not there. Most importantly, the product seal was broken and cellophane take was applied on it. It was clearly a refurbished or repackaged product from this seller. PFA images for reference. I had paid 1500 so that this comes from a prime seller and fulfilled by amazon with an expectation that an INR 45K+ would be a brand new & untampered piece. However, that expectation is down the drain along with trust. This is completely unacceptable and fraudulent activity. Terrible response from customer service as well. When contacted by the customer service agent, she recommended opening the seal & check the piece if it is ok. When I asked the intention of doing it... they replied if it's ok to use then you can use it. When asked how can you make such a suggestion when you know it's wrong and the customer has been sent a faulty product.... the reply was my senior manager told me. This is totally unprofessional, shocking, wrong, and unacceptable. Why should I, the customer, open an expensive item whose seal is refurbished and be satisfied with it. I have paid a large sum of money for a brand new device. The so-called senior manager didn't come on the call when I requested. As you already have recorded, I want this investigated, or else I can provide the audio. After a back and forth for 1hr, the issue was resolved with a replacement of the product. However, at this point, I have completely lost faith & trust in the seller ""Prime Benefit"". Kindly note I would be requesting a refund if there is even a single bit wrong with the product or the packaging for the replacement.","22 Sep 2021","Colour: Navy Size name: 8GB+128Gb Style name: Without offer","https://m.media-amazon.com/images/I/81AVH0MerjL._SY88.jpg
https://m.media-amazon.com/images/I/81CsOhKmWJL._SY88.jpg
https://m.media-amazon.com/images/I/81f39kA9fVL._SY88.jpg
https://m.media-amazon.com/images/I/81kUBDDF1PL._SY88.jpg
https://m.media-amazon.com/images/I/81p4SBdsPLL._SY88.jpg","Yes","Ashwin Save","1.0","Samsung Galaxy S20 FE 5G (Cloud Navy, 8GB RAM, 128GB Storage) with No Cost EMI & Additional Exchange Offers","https://www.amazon.in/Samsung-Galaxy-Cloud-128GB-Storage/product-reviews/B08VB57558/ref=cm_cr_dp_d_show_all_btm?ie=UTF8&reviewerType=all_reviews&pageNumber=1"
"Manufacture defect","Everything was good but I found a manufacture defect it it. A click sound was coming from the back side whenever a put the phone on any surface. While slowly shaking the phone the sound frequency increased. I talked to customer support for replacement and they did it successfully. Received the new phone but truly disappointed. Found same issue like the 1st one. Placed a return request for it.ðŸ™","17 May 2021","Colour: Cloud Navy Size name: 8GB Style name: With offer","","Yes","Kumar Mangal Singh","1.0","Samsung Galaxy S20 FE 5G (Cloud Navy, 8GB RAM, 128GB Storage) with No Cost EMI & Additional Exchange Offers","https://www.amazon.in/Samsung-Galaxy-Cloud-128GB-Storage/product-reviews/B08VB57558/ref=cm_cr_dp_d_show_all_btm?ie=UTF8&reviewerType=all_reviews&pageNumber=1"
"Camera app shutting on its own.","Would have given 5 stars if not for camera,camera app is shutting on its own,if fixed will give five stars,will update. 20/04/21 Returned product as faulty.","14 Apr 2021","Colour: Cloud Navy Size name: 8GB Style name: With offer","","Yes","yash khade","1.0","Samsung Galaxy S20 FE 5G (Cloud Navy, 8GB RAM, 128GB Storage) with No Cost EMI & Additional Exchange Offers","https://www.amazon.in/Samsung-Galaxy-Cloud-128GB-Storage/product-reviews/B08VB57558/ref=cm_cr_dp_d_show_all_btm?ie=UTF8&reviewerType=all_reviews&pageNumber=2"
"Real and Kindly review ( I have apple 11 Indian MF) so i can share good option","Display - 5/5 - Great colour Processor - 5/5 - Unbelievable Fast with 120 HZ Rt Camera - 4/5 - very Good but not great ( Need some updates) Samsung UI - 5/5 - lotâ€™s of Function and safety options Battery- 5/5 - Great life with 865SD and someone have question about 15 W charger but itâ€™s great Because always remember it more fast charge more damage more pressure > battery life gone quickly So 1 hourâ€™s 30 m not bad for fully charged 4500 mah battery Speaker - 5/5 -  Much better then my Apple 11 - itâ€™s high and clear Last one is itâ€™s Samsung Brand so nothing make confused donâ€™t saw other china brands for low cost or better deals This one perfect and complete everyone dream I am also a Game lover ðŸ¥° I have apple 11 still i buy it for fast day PUBG INDIA gameplay All real words- Thank you ðŸ˜Š","09 May 2021","","https://images-na.ssl-images-amazon.com/images/I/A1Mk-0Al5+L._SY88.jpg
https://images-na.ssl-images-amazon.com/images/I/B1YOoxB1RsS._SY88.jpg
https://images-na.ssl-images-amazon.com/images/I/C1KmAbvaCES._SY88.jpg","Yes","Dipendu Sarkar","5.0","Samsung Galaxy S20 FE 5G (Cloud Navy, 8GB RAM, 128GB Storage) with No Cost EMI & Additional Exchange Offers","https://www.amazon.in/Samsung-Galaxy-Cloud-128GB-Storage/product-reviews/B08VB57558/ref=cm_cr_dp_d_show_all_btm?ie=UTF8&reviewerType=all_reviews&pageNumber=2"
"Wi-Fi becomes horribly slow when the phone is warm due to charging or heavy usage","The phone itself is great. Camera is pretty nice. Especially for me as I am trying to upgrade from S10 Lite. Primarily wanted to buy this for wireless charging and water resistance. However, one massive issue in the unit that I got todayâ€¦ Wi-Fi is extremely glitchy. My S10 Lite remains stable on 866mbps in network details. S20 FE fluctuates anywhere form ~300-500mbps. If this was not bad enough, the phoneâ€™s Wi-Fi speed drops hugely when it gets slightly warm. My 300mbps connection barely registers 15-20mbps on this phone. Should mention here that there are lots of isolated cases of S20 series phones having similar issues online. From Samsungâ€™s own support forum to XDA to reddit and other Android communities. If you buy this phone, my recommendation would be to keep an eye on the wi-fi performance. WiFiMan is a great app would show the connection speed with router (internet speed is irrelevant here if you are not on a gigabit connection). On my device it fluctuates heavily with upload speed falling down to 6mbps regularly and staying there for long periods. This could very well be Samsung throttling Wi-Fi modem to save battery I imagine. But this could end up hurting longer downloads or creating slowdowns while doing simple tasks. I ended up applying for a refund. I love this phone but I cannot rely on Samsung on fixing the unreliable wifi in a future software update. They need to acknowledge the problem in Sep 21 batch.","02 Oct 2021","Colour: Cloud Navy Size name: 8GB Style name: With offer","","Yes","Chromaniac","1.0","Samsung Galaxy S20 FE 5G (Cloud Navy, 8GB RAM, 128GB Storage) with No Cost EMI & Additional Exchange Offers","https://www.amazon.in/Samsung-Galaxy-Cloud-128GB-Storage/product-reviews/B08VB57558/ref=cm_cr_dp_d_show_all_btm?ie=UTF8&reviewerType=all_reviews&pageNumber=2"
"Samsung at its best","The best among the budget flagship smartphones in the market. I am extremely satisfied with this. If you can compromise without a 3.5mm headphone jack and a physical proximity sensor (although there is a virtual proximity sensor to compensate but it doesn't work like the physical one), then this will be a better choice than One Plus 9.","16 Apr 2021","Colour: Cloud Green Size name: 8GB RAM + 128GB Storage Style name: With offer","https://images-na.ssl-images-amazon.com/images/I/81ODFYaKVPL._SY88.jpg
https://images-na.ssl-images-amazon.com/images/I/81XoaCM6RuL._SY88.jpg
https://images-na.ssl-images-amazon.com/images/I/81gN8riAAbL._SY88.jpg","Yes","Rishi","5.0","Samsung Galaxy S20 FE 5G (Cloud Navy, 8GB RAM, 128GB Storage) with No Cost EMI & Additional Exchange Offers","https://www.amazon.in/Samsung-Galaxy-Cloud-128GB-Storage/product-reviews/B08VB57558/ref=cm_cr_dp_d_show_all_btm?ie=UTF8&reviewerType=all_reviews&pageNumber=2"
"Great Phone, Offers best in the range.","Just loved it. It offers unbelievably everything what you could wish for. Writing this review after around 20 days of use. Well the major pros: 1. Look wise the phone is awesome. 2. Ultra Smooth UI, loved the One UI 3.1 (first time using Samsung ).  A combination of 120 Hz, Super AMOLED and Snapdragon 865 makes it awesome 3. Camera is exceptional. OIS works great which is missing in OP. I have attached images for references: a. Moon Image is taken at 30X Zoom just with hands without tripod, see how stabilised that is. b. Night mode is ultimate, believe me it can capture what eyes can't see c. Day light, colour reproduction is great. Loved the Ultra Wide and Zoom cameras, both do the job with perfection. d. Videos are very smooth, and it supports 4K upto 60fps. Slow motion and Ultra slow motion both work great. 4. 5G support is there with 9 bands, although couldn't test anything in India. 5. Fingerprint, Face recognition works pretty fast. 6. Used Samsung Pay for the first time, it is awesome and something missing in all others. Just added my card it that, and tapped phone to pay directly. It authenticates using Fingerprint. 7. It supports 15W Fast Wireless charging, which works flawless. 8. Battery life is great, When I am not using it much, easily gives 2 days (46 hours) at 60Hz display. There are multiple ways to save battery. Initially battery consumption was more. It takes i think 6-7 days to learn the usage pattern by Android 11. After that it puts the un-used apps to sleep and deep sleep. Battery life increases to almost double after this 9. Feature I loved the most - the phone is IP68, I have tested it multiple times, putting under Tap water and rain. Just don't charge when port is wet. Phone will warn itself with a notification. 10. Supports upto 1 TB micro SD through hybrid SIM slot, so 2nd SIM has to be compromised, so I am not using it. Cons: 1. Charging is bit slow, not like dash charge. 2. Wireless charging is also not that fast. 3. Screen brightness is a bit low, compared to higher end phones, but perfect when compared to lower ends. I recommend this over OP, until you are only into Gaming. It is not jack of all, its actually a king, with just a compromise from Snapdragon 888 to 865.","05 May 2021","Colour: Cloud Navy Size name: 8GB Style name: With offer","https://images-na.ssl-images-amazon.com/images/I/31wa+wbashL._SY88.jpg
https://images-na.ssl-images-amazon.com/images/I/71Da7Wo9zfL._SY88.jpg
https://images-na.ssl-images-amazon.com/images/I/71IJJz9pMqL._SY88.jpg
https://images-na.ssl-images-amazon.com/images/I/71Mb6VR9nUL._SY88.jpg
https://images-na.ssl-images-amazon.com/images/I/71PAePbIFdL._SY88.jpg
https://images-na.ssl-images-amazon.com/images/I/71jTnHcG2TL._SY88.jpg
https://images-na.ssl-images-amazon.com/images/I/71l2V3iz2hL._SY88.jpg
https://images-na.ssl-images-amazon.com/images/I/71myit9EryL._SY88.jpg
https://images-na.ssl-images-amazon.com/images/I/81H9xK5Xt+L._SY88.jpg","Yes","Ravindra Kumar","5.0","Samsung Galaxy S20 FE 5G (Cloud Navy, 8GB RAM, 128GB Storage) with No Cost EMI & Additional Exchange Offers","https://www.amazon.in/Samsung-Galaxy-Cloud-128GB-Storage/product-reviews/B08VB57558/ref=cm_cr_dp_d_show_all_btm?ie=UTF8&reviewerType=all_reviews&pageNumber=2"
"Defective phone. Cheap plastic quality. High price point.","Thank you so much samsung for sending a defective phone. You made the first impression to last for very long. What happened to Good old fashion of testing the product before packaging. You have started making phones costlier and costlier for Indian market (even if it is made in India). The quality level, and amount of h/w features have gone down over the years. Thanks to amazon for prompt response for replacing the product. Hope, this time i will get a working phone.","03 May 2021","Colour: Cloud Navy Size name: 8GB Style name: With offer","","Yes","Saubhagya Baliarsingh","1.0","Samsung Galaxy S20 FE 5G (Cloud Navy, 8GB RAM, 128GB Storage) with No Cost EMI & Additional Exchange Offers","https://www.amazon.in/Samsung-Galaxy-Cloud-128GB-Storage/product-reviews/B08VB57558/ref=cm_cr_dp_d_show_all_btm?ie=UTF8&reviewerType=all_reviews&pageNumber=2"
"Can't get better at this price point","Really pleased with the phone. Bought it over OnePlus9R and Vivo Pro. MKBHD didn't call it phone of the year for 2020 for no reason. Go for it!","17 Jun 2021","Colour: Navy Size name: 8GB+128Gb Style name: Without offer","","Yes","Sandy","5.0","Samsung Galaxy S20 FE 5G (Cloud Navy, 8GB RAM, 128GB Storage) with No Cost EMI & Additional Exchange Offers","https://www.amazon.in/Samsung-Galaxy-Cloud-128GB-Storage/product-reviews/B08VB57558/ref=cm_cr_dp_d_show_all_btm?ie=UTF8&reviewerType=all_reviews&pageNumber=2"
"We can use this mobile as a omelet pan","Worst mobile ever from a brand like Samsung.....when I got the delivery I was so excited and it disappeared with in 1hr of using the device...it was getting heated and getting an air space sound between the panel and the battery...the performance of the mobile was 5star....but the battery won't even remain for 3hr if u play pubg.....even if I browse and take the at the same time for more than 20-30mins the phone gets heated like a pan....so please guys don't go for this mobile in such a huge price and finally I got the replacement and again the same issue....so returned it....tq Amazon for refuding my money","10 Jun 2021","Colour: Cloud Navy Size name: 8GB Style name: With offer","","Yes","Jaanu","1.0","Samsung Galaxy S20 FE 5G (Cloud Navy, 8GB RAM, 128GB Storage) with No Cost EMI & Additional Exchange Offers","https://www.amazon.in/Samsung-Galaxy-Cloud-128GB-Storage/product-reviews/B08VB57558/ref=cm_cr_dp_d_show_all_btm?ie=UTF8&reviewerType=all_reviews&pageNumber=2"
"Better Phones are available for 42K, please skip this phone","Edit: May 22, after a month of use : Amazon providing 6K off now, no wonder why Cons: 1. Finger scanner is works only 6/10 times. May 22: Little better after the recent software upgrade 2. Felt heat in the back even with very less usage. Understand that the phone have SD 865 and a external modem which means heat will be continued issue for this phone. 3. Face reorganization will not work in low light (iPhone 11 unlocks very smooth in the same lighting condition) 4. It felt like a very old model phone 5. Volume and power button are in the same side (very hard to use) 6. Low light photos are horrible 7. Take ~5 hours for full charge. Battery discharge very fast if you have any peripheral connected to it. 8. Videos will not play in full screen because of screen bezel in the top. Pros: 1. Good for basic photo 2. Phone is not large but heavy with 4500 mah battery 3. Sound and voice call quality is good 4. 120 Hz refresh rate is buttery smooth With my one month observation, I will not recommend S20 FE 5G, recommends iPhone 11 128GB based on my usage of both phones.","09 May 2021","Colour: Cloud Navy Size name: 8GB Style name: With offer","","Yes","Kowsik","2.0","Samsung Galaxy S20 FE 5G (Cloud Navy, 8GB RAM, 128GB Storage) with No Cost EMI & Additional Exchange Offers","https://www.amazon.in/Samsung-Galaxy-Cloud-128GB-Storage/product-reviews/B08VB57558/ref=cm_cr_dp_d_show_all_btm?ie=UTF8&reviewerType=all_reviews&pageNumber=2"
"WORST PRODUCT!!!","Highly disappointing for me as I bought Samsung S20 FE 5G phone on 6June 2021 and Camera was not working Manufacturing defect, I have visited the Samsung service center 4 time but unfortunately they did not fix the issue. When I mailed the case to samsung support they again asked to visit service center and assured me that this time they will fix the issue but post visiting the service center again the camera issue persist. Now I again raised the mail to samsung executive assign for my case they asked me to visit Samsung service center again, to fix the issue and even no one is replying to my mails now. This is how Samsung is irritating the customer with 0% customer satifaction with no resolution on Issues. Please don't buy Samsung Mobile and go for other brands like oneplus Worst  Products  from Samsung","20 Aug 2021","Colour: Cloud Navy Size name: 8GB Style name: With offer","https://m.media-amazon.com/images/I/51Lxbo+rPiL._SY88.jpg
https://m.media-amazon.com/images/I/61OCKVxOoZL._SY88.jpg","Yes","Nishant Sood","1.0","Samsung Galaxy S20 FE 5G (Cloud Navy, 8GB RAM, 128GB Storage) with No Cost EMI & Additional Exchange Offers","https://www.amazon.in/Samsung-Galaxy-Cloud-128GB-Storage/product-reviews/B08VB57558/ref=cm_cr_dp_d_show_all_btm?ie=UTF8&reviewerType=all_reviews&pageNumber=2"
"Great mobile","Good camera, good battery, super smooth display,dolby atmos music, bixby. And main thing for me is Sumsung dex...wahh maza aa geya.. Snapdragon Processor is good, 120 hz samsung display..5g phone..","15 Jul 2021","Colour: Navy Size name: 8GB+128Gb Style name: Without offer","https://images-na.ssl-images-amazon.com/images/I/81Xgfi2fKnL._SY88.jpg
https://images-na.ssl-images-amazon.com/images/I/91Jb7mQBshL._SY88.jpg
https://images-na.ssl-images-amazon.com/images/I/91K-2GEAgFL._SY88.jpg","Yes","Nilmadhav","4.0","Samsung Galaxy S20 FE 5G (Cloud Navy, 8GB RAM, 128GB Storage) with No Cost EMI & Additional Exchange Offers","https://www.amazon.in/Samsung-Galaxy-Cloud-128GB-Storage/product-reviews/B08VB57558/ref=cm_cr_dp_d_show_all_btm?ie=UTF8&reviewerType=all_reviews&pageNumber=3"
"Bad decision  to switch from oneplus","Like: camera Screen touch is decent Dislike Selfish camera is not upto the mark, I have one plus 5t and it's selfish camera is more natural then s20 fe Amount of time it takes to charge the device almost 2 hrs. UI Calling option does not have direct changing  option for Sim cards I am not able to return the product Stuck with it Device is hanging","24 May 2021","Colour: Cloud Navy Size name: 8GB Style name: With offer","","Yes","Hirak Parmar","1.0","Samsung Galaxy S20 FE 5G (Cloud Navy, 8GB RAM, 128GB Storage) with No Cost EMI & Additional Exchange Offers","https://www.amazon.in/Samsung-Galaxy-Cloud-128GB-Storage/product-reviews/B08VB57558/ref=cm_cr_dp_d_show_all_btm?ie=UTF8&reviewerType=all_reviews&pageNumber=3"
"You need to know this before you make your buying decisions","This phone comes with a IP68 rating. I have been using this phone for last 3 months. Presently it is having some charging problem. It is showing that moisture or foreign material is there in charging port. Same need to be dried or removed prior to using that port for  charging. In the mean time wireless charger can be used to charge the phone. After seeing this,  I took my mobile to Samsung care. There they said that the charging port is completely damaged because of moisture ingress. Same need to be replaced. And this will cost around Rs 1850. !!!! No free service within warranty periodðŸ˜” !!!! So I request all the potential buyers to answer this. Q-1) If having a IP 68 rating mobile cannot resist moisture attack, then what's the point. Q-2) Within warranty period and for a IP68 rating phone, whether a customer need to pay for any damage because of moisture ingress.","12 Aug 2021","Colour: Cloud Green Size name: 8GB RAM + 128GB Storage Style name: With offer","","Yes","Amazon Customer","3.0","Samsung Galaxy S20 FE 5G (Cloud Navy, 8GB RAM, 128GB Storage) with No Cost EMI & Additional Exchange Offers","https://www.amazon.in/Samsung-Galaxy-Cloud-128GB-Storage/product-reviews/B08VB57558/ref=cm_cr_dp_d_show_all_btm?ie=UTF8&reviewerType=all_reviews&pageNumber=3"
"Good choice over other phones in same price segment","Good choice over other phones in same price segment. Fingerprint is average. After some settings changed its perfect and fast. And if u use always on display u can locate the fingerprint sensor and unlock screen fast. Better to use face its very good. Battery life is nice. And camera is superb. Far better than oneplus 9 series. Overall good product.","14 May 2021","Colour: Cloud Navy Size name: 8GB Style name: With offer","https://images-na.ssl-images-amazon.com/images/I/A1ulNBf9JjL._SY88.jpg
https://images-na.ssl-images-amazon.com/images/I/B1H3UcRQtoS._SY88.jpg","Yes","Sukrit","5.0","Samsung Galaxy S20 FE 5G (Cloud Navy, 8GB RAM, 128GB Storage) with No Cost EMI & Additional Exchange Offers","https://www.amazon.in/Samsung-Galaxy-Cloud-128GB-Storage/product-reviews/B08VB57558/ref=cm_cr_dp_d_show_all_btm?ie=UTF8&reviewerType=all_reviews&pageNumber=3"
"MVP in below â‚¹50k price bracket","I purchased this phone after extensive research (~5 months) of YouTube reviews as well as real ownership experience from family and friends of many phones in the 25k to 40k INR price bracket. I was able to get this one at 38k after exchange of my existing phone. Have to say that this is the best one in this price range and even under 50k. All flagship features that a person would want are available at this price. And I'm speaking from experience of having used iPhone XS and OnePlus 7T Pro of my own parents. Haven't faced any heating (or even warming) issue except during initial setup. For people who still aren't convinced, I will update my review after using for 2 weeks and then again after a month if needed. Edit (25-06-2021): After 2 weeks of extensive usage, I can still confirm that I have faced zero heating issues and very rare ""warming"" from this phone. One suggestion which I would make to existing and potential owners of this phone is to go to Settings->Connections->Mobile networks and change it to LTE/3G/2G from the existing 5G option. I'm still getting maximum 4G and 4G+ speeds without the phone having to search for non-existant 5G networks in India. For Screen-on-time, I'm consistently getting ~6.5 hours(Display at 120Hz), easily lasting a full day and having to recharge only the next day. P.S: If you are a hardcore gamer and are willing to shell out 40k+ on a phone then ROG phones would be better for you. In all other aspects, this phone takes the cake. P.P.S : If you don't have a pair of Bluetooth earphones already and don't plan on getting one either, just buy the official Samsung Type C to headphone jack adapter. Works brilliantly well! Just google Samsung EE-UC10JUWEGIN","12 Jun 2021","Colour: Cloud Navy Size name: 8GB Style name: With offer","","Yes","MansNotBot","5.0","Samsung Galaxy S20 FE 5G (Cloud Navy, 8GB RAM, 128GB Storage) with No Cost EMI & Additional Exchange Offers","https://www.amazon.in/Samsung-Galaxy-Cloud-128GB-Storage/product-reviews/B08VB57558/ref=cm_cr_dp_d_show_all_btm?ie=UTF8&reviewerType=all_reviews&pageNumber=3"
"Overall a very good phone, but with very slow charging!","I've used this phone for a month and a half now. Here's my review for the same - 1. Camera is really good 9/10 2. Audio quality is good, though the volume is a little on the lower side 6/10 3. Battery life is decent, I can mostly get through the day without having to charge it 7/10 4. Charging is too slow, like the older generation phones without any fast charging. Takes 2hrs for my phone to charge fully. Update - The 25w charger fills it up pretty fast. Takes around an hour. 4/10 5. Display is good and smooth 9/10 6. OneUI. This is my first samsung phone and I loved the software's look and feel, how the notifications and app drawer have amazing blur effects in the background. There are still a few bugs here and there though 8/10 7. Fingerprint reader is slow but accurate 5/10 8. Face recognition fails most of the time, to a point that I've stopped using it now 1/10 9. Call quality and audio is amazing on this phone. It is very loud and crispy clear 10/10 10. The phone gets heat up a lot, on the upper side of the body and screen, while charging as well as gaming. I'm actually scared to buy the 25w charger thinking that it might make the phone heat up even more 7/10 Update - I got the 25w charger and it didn't heat up at all.","28 May 2021","Colour: Cloud Navy Size name: 8GB Style name: With offer","","Yes","Divyanshu Mishra","4.0","Samsung Galaxy S20 FE 5G (Cloud Navy, 8GB RAM, 128GB Storage) with No Cost EMI & Additional Exchange Offers","https://www.amazon.in/Samsung-Galaxy-Cloud-128GB-Storage/product-reviews/B08VB57558/ref=cm_cr_dp_d_show_all_btm?ie=UTF8&reviewerType=all_reviews&pageNumber=3"
"No Gimmicks + DEX + Excellent Camera","In this era of 2MP macro-mono-depth stupidity in midrangers and budget-flagships, this device stands out with its pure functional and flagship-like camera setup. DEX is another amazing functionality, i wonder why people are not mentioning it in reviews. Samsung has promised 4 years of security updates and 3 android major updates. There are 9 5G bands, so i assume this phone is truly 5G-ready in India. These points were enough for me to shift to this phone. I read some reviews complaining heating issues and ordinary design of this phone. Though I am not a heavy gamer, I use my phone for a long consecutive times. It only got warm during initial setup. But there was NO heating issue otherwise. About design, it is a personal choice. I am not a fan of glass backs (am i the only one on this planet?) Phone still looks very premium in my opinion. I switched from OP5 after almost 4 years. OP5 was one-of-its-kind, and was ahead of its time. Sadly oneplus is no more the enthusiast brand that it was some years ago. Single band 5g, shady updates (i heard op7, op7t got slower with the updates), and i just hate that 2/5 MP mono camera  that op is standardizing these days. Concluding, Samsun S20 FE 5G is a perfect choice for someone who is looking for non flashy, simple design yet truly functional and non-gimmicky experience in a device that can be used for around 3-3.5 years.","13 Jun 2021","Colour: Cloud Navy Size name: 8GB Style name: With offer","","Yes","NP","5.0","Samsung Galaxy S20 FE 5G (Cloud Navy, 8GB RAM, 128GB Storage) with No Cost EMI & Additional Exchange Offers","https://www.amazon.in/Samsung-Galaxy-Cloud-128GB-Storage/product-reviews/B08VB57558/ref=cm_cr_dp_d_show_all_btm?ie=UTF8&reviewerType=all_reviews&pageNumber=3"
"Very satisfied ðŸ˜Œ","Got it recently and playing with it for a while, I can tell you I am quite satisfied  with  it and it's featuresðŸ˜„. I can tell quite a lot of good things but I'll stop it's already  listed in the description.ðŸ˜‰ Display is very good ðŸ‘, Battery backup is good. But I should have 0.5 star as my only complaint is it gets warm way to early while doing things, normal people shouldn't worry about it only little warm in intensive tasks like games and heavymultitasking. Hope things get better after an update. ðŸ˜€","18 Apr 2021","Colour: Cloud Navy Size name: 8GB Style name: With offer","https://images-na.ssl-images-amazon.com/images/I/81ZxcnDWfUL._SY88.jpg
https://images-na.ssl-images-amazon.com/images/I/81b8zSwThAL._SY88.jpg
https://images-na.ssl-images-amazon.com/images/I/91y9ZTbRSiL._SY88.jpg","Yes","Diganta Bardoloi","5.0","Samsung Galaxy S20 FE 5G (Cloud Navy, 8GB RAM, 128GB Storage) with No Cost EMI & Additional Exchange Offers","https://www.amazon.in/Samsung-Galaxy-Cloud-128GB-Storage/product-reviews/B08VB57558/ref=cm_cr_dp_d_show_all_btm?ie=UTF8&reviewerType=all_reviews&pageNumber=3"
"Amazon will make a fool out of you!","I purchased this expensive Samsung phone for the first time in my life from Amazon, I missed few days from the return period to inform that my phone doesn't get calls or sms at all as it took some time to understand. The customer care roited me to Samsung service center and service center won't replace your brand new product, instead they'll repair it for you as you've bought it from Amazon not Samsung shop. I'm feeling helpless and disgusted by Amazon customer support.","07 Jul 2021","Colour: Cloud Green Size name: 8GB RAM + 128GB Storage Style name: With offer","","Yes","Shree","1.0","Samsung Galaxy S20 FE 5G (Cloud Navy, 8GB RAM, 128GB Storage) with No Cost EMI & Additional Exchange Offers","https://www.amazon.in/Samsung-Galaxy-Cloud-128GB-Storage/product-reviews/B08VB57558/ref=cm_cr_dp_d_show_all_btm?ie=UTF8&reviewerType=all_reviews&pageNumber=3"
"Most value for money in this segment.","After researching for months to replace my old workhorse MotoZ2force, I zeroed in samsung s20fe(exonys). But was vary of the processor. So when they launched the SD one I was Intrigued. However a price difference of 10k was something I didn't want to afford. So one day I got a 4000 rs coupon on Amazon so I bought it instantly. After cashback etc I got it for 41773, which is a steal. I would repeat, unless S21Fe is launched this phone is a steal anywhere under 45k. I lost my last phone due to water damage so IP68 protection was must which only A72 was offering. It also have many 5G bands but that should not be the reason to buy a phone at this time. The camera quality is good, see some samples. The image stabilization is great(see the moonshot. The sensor is not that great as my older motoz2force, but the software makes up for it. Also the 3x zoom lens comes handy in many situations. Display is great 120HZ is great but even 60hz(which automatically switches to 60hz in battery saver mode) is good and a normal user won't pick a difference. Fingerprints reader is great. In last 15 days I have not encountered any issues at all. I mainly use the face unlock which works most of the time. Finally, we Indians should start recognizing the value of software also and only the hardware specs. The UI is simple on one hand and highly customizable on the other. If you explore a bit then you can automate many tasks and increase the battery life also. Many people complain about only 15 watt charger in box. Well fast charging is good in many cases, but it reduces your battery life. And the 65 watt charging advertisement by chinese ones may see like wow but in a few months you will see how this fast charging reduces your battery backup and life. Call me old fashioned buy I am more than Ok with slow charging.","28 May 2021","Colour: Cloud Navy Size name: 8GB Style name: With offer","https://images-na.ssl-images-amazon.com/images/I/71oJylsPckL._SY88.jpg
https://images-na.ssl-images-amazon.com/images/I/B1EImNK-a+S._SY88.jpg
https://images-na.ssl-images-amazon.com/images/I/B1WZOmty5iS._SY88.jpg
https://images-na.ssl-images-amazon.com/images/I/B1g2bP3LqKS._SY88.jpg
https://images-na.ssl-images-amazon.com/images/I/B1hRRtGpn1S._SY88.jpg
https://images-na.ssl-images-amazon.com/images/I/B1lk2dlwVcS._SY88.jpg
https://images-na.ssl-images-amazon.com/images/I/C1BMUv1oxAS._SY88.jpg","Yes","Abhinav Singh","5.0","Samsung Galaxy S20 FE 5G (Cloud Navy, 8GB RAM, 128GB Storage) with No Cost EMI & Additional Exchange Offers","https://www.amazon.in/Samsung-Galaxy-Cloud-128GB-Storage/product-reviews/B08VB57558/ref=cm_cr_dp_d_show_all_btm?ie=UTF8&reviewerType=all_reviews&pageNumber=3"
